device,backend,m,n,mean,median,std,min,max,wgsl-workgroup-size,max-error
NVIDIA GeForce RTX 3080,wgsl,4,4,0.45574273928650655,,3.6177092608375587,0.08294900180771947,36.451474006753415,32,9.435928660650461e-08
NVIDIA GeForce RTX 3080,wgsl,4,4,0.09553997937473468,,0.038698676978373224,0.08030400204006582,0.47822399938013405,64,9.435928660650461e-08
NVIDIA GeForce RTX 3080,wgsl,4,4,0.0926874291326385,,0.00771044616156421,0.08105499728117138,0.16260000120382756,128,9.435928660650461e-08
NVIDIA GeForce RTX 3080,wgsl,4,4,0.10762344943941571,,0.15633869510955725,0.08764798985794187,1.6626480064587668,256,9.435928660650461e-08
NVIDIA GeForce RTX 3080,wgsl,4,8,0.09143801988102496,,0.0028702837750399605,0.08641500608064234,0.1060130016412586,32,1.0720225418481277e-07
NVIDIA GeForce RTX 3080,wgsl,4,8,0.09182547117234208,,0.0031903313226931207,0.08776799950283021,0.10482000652700663,64,1.0720225418481277e-07
NVIDIA GeForce RTX 3080,wgsl,4,8,0.09196814033202827,,0.002768184924617547,0.08715700823813677,0.1019850024022162,128,1.0720225418481277e-07
NVIDIA GeForce RTX 3080,wgsl,4,8,0.09145719930529594,,0.003601035763821909,0.08289799734484404,0.1127660070778802,256,1.0720225418481277e-07
NVIDIA GeForce RTX 3080,wgsl,4,16,0.09230686919181608,,0.002529656165235567,0.08873899059835821,0.10597200889606029,32,1.5584183188366296e-07
NVIDIA GeForce RTX 3080,wgsl,4,16,0.09147227043285966,,0.0025748358349680384,0.08418099605478346,0.10390799434389919,64,1.5584183188366296e-07
NVIDIA GeForce RTX 3080,wgsl,4,16,0.10948826879030094,,0.17298693282808247,0.08692599658388644,1.8304090044694021,128,1.5584183188366296e-07
NVIDIA GeForce RTX 3080,wgsl,4,16,0.09174963037366979,,0.0033632568730069122,0.0812459911685437,0.11064100544899702,256,1.5584183188366296e-07
NVIDIA GeForce RTX 3080,wgsl,4,32,0.09394773005624302,,0.0033299735750977797,0.08809799328446388,0.11590099893510342,32,1.5126342134408333e-07
NVIDIA GeForce RTX 3080,wgsl,4,32,0.0931730201409664,,0.0036647165639040603,0.08273900311905891,0.11497001105453819,64,1.5126342134408333e-07
NVIDIA GeForce RTX 3080,wgsl,4,32,0.09653814864577726,,0.038492499230533876,0.08811899169813842,0.4782350006280467,128,1.5126342134408333e-07
NVIDIA GeForce RTX 3080,wgsl,4,32,0.09243984051863663,,0.0029786629112051647,0.08868900476954877,0.10863799252547324,256,1.5126342134408333e-07
NVIDIA GeForce RTX 3080,wgsl,4,64,0.09766964038135484,,0.0023506406468160957,0.09080300515051931,0.1057820045389235,32,2.5539236503391294e-07
NVIDIA GeForce RTX 3080,wgsl,4,64,0.0958695808367338,,0.002331542766865938,0.08880000677891076,0.10528200073167682,64,2.5539236503391294e-07
NVIDIA GeForce RTX 3080,wgsl,4,64,0.09608479856979102,,0.004196966930918461,0.08835899643599987,0.12650199641939253,128,2.5539236503391294e-07
NVIDIA GeForce RTX 3080,wgsl,4,64,0.09376952890306711,,0.0018988778150639423,0.09036299888975918,0.09898000280372798,256,2.5539236503391294e-07
NVIDIA GeForce RTX 3080,wgsl,4,128,0.10603525064652786,,0.011426146405406136,0.09989099635276943,0.2161430020350963,32,3.2066424182630726e-07
NVIDIA GeForce RTX 3080,wgsl,4,128,0.11946951111895032,,0.1706984512943874,0.09805800800677389,1.8177140009356663,64,3.2066424182630726e-07
NVIDIA GeForce RTX 3080,wgsl,4,128,0.10250191087834537,,0.004608191872726821,0.09743600094225258,0.12653200246859342,128,3.2066424182630726e-07
NVIDIA GeForce RTX 3080,wgsl,4,128,0.09961232863133773,,0.002881805347647897,0.09590298577677459,0.11311599519103765,256,3.2066424182630726e-07
NVIDIA GeForce RTX 3080,wgsl,4,256,0.11888480934430845,,0.003541210966816719,0.11186400661244988,0.13913599832449108,32,5.360619752536877e-07
NVIDIA GeForce RTX 3080,wgsl,4,256,0.11493798025185242,,0.0031985167386959106,0.11114300286862999,0.13388501247391105,64,5.360619752536877e-07
NVIDIA GeForce RTX 3080,wgsl,4,256,0.11399891038308851,,0.002425864893869866,0.10987000132445246,0.12087100185453892,128,5.360619752536877e-07
NVIDIA GeForce RTX 3080,wgsl,4,256,0.11228181014303118,,0.0025083762271029767,0.10552100138738751,0.125078993733041,256,5.360619752536877e-07
NVIDIA GeForce RTX 3080,wgsl,4,512,0.152003839466488,,0.0021353395024012083,0.1483429950894788,0.15779200475662947,32,6.846467499599385e-07
NVIDIA GeForce RTX 3080,wgsl,4,512,0.1615019398741424,,0.17083080950758864,0.14098899555392563,1.8610959959914908,64,6.846467499599385e-07
NVIDIA GeForce RTX 3080,wgsl,4,512,0.1436445202853065,,0.003226413921462168,0.13482800568453968,0.15946499479468912,128,6.846467499599385e-07
NVIDIA GeForce RTX 3080,wgsl,4,512,0.14172541981679387,,0.002302849955499427,0.13468701217789203,0.1484829990658909,256,6.846467499599385e-07
NVIDIA GeForce RTX 3080,wgsl,4,1024,0.21865258051548153,,0.002901094623402791,0.21146400831639767,0.23001999943517148,32,8.702553486727993e-07
NVIDIA GeForce RTX 3080,wgsl,4,1024,0.20444160036277026,,0.004510357009426864,0.19486199016682804,0.23147200408857316,64,8.702553486727993e-07
NVIDIA GeForce RTX 3080,wgsl,4,1024,0.20347851037513465,,0.0031842037049894453,0.1991299941437319,0.22257499222178012,128,8.702553486727993e-07
NVIDIA GeForce RTX 3080,wgsl,4,1024,0.20261839948943816,,0.004479586143917731,0.19778800196945667,0.22797500423621386,256,8.702553486727993e-07
NVIDIA GeForce RTX 3080,wgsl,4,2048,0.3552417107857764,,0.007224956949708875,0.3446580085437745,0.3895539994118735,32,1.1023338402083027e-06
NVIDIA GeForce RTX 3080,wgsl,4,2048,0.3260875100386329,,0.006215962237546965,0.31979099730961025,0.34083200444001704,64,1.1023338402083027e-06
NVIDIA GeForce RTX 3080,wgsl,4,2048,0.3250200297043193,,0.007039637861536554,0.31838900758884847,0.35475799813866615,128,1.1023338402083027e-06
NVIDIA GeForce RTX 3080,wgsl,4,2048,0.324212539853761,,0.00635911833080094,0.31324899464379996,0.34334600786678493,256,1.1023338402083027e-06
NVIDIA GeForce RTX 3080,wgsl,8,4,0.11740551010007039,,0.1729717036034754,0.08001299283932894,1.8353469931753352,32,1.1242455855153821e-07
NVIDIA GeForce RTX 3080,wgsl,8,4,0.09974021930247545,,0.010483602248540629,0.07928199192974716,0.12535999121610075,64,1.1242455855153821e-07
NVIDIA GeForce RTX 3080,wgsl,8,4,0.10014965970185585,,0.01061532358999975,0.08000299567356706,0.12696199701167643,128,1.1242455855153821e-07
NVIDIA GeForce RTX 3080,wgsl,8,4,0.09952911961590871,,0.010683768865431875,0.07850999827496707,0.12344599235802889,256,1.1242455855153821e-07
NVIDIA GeForce RTX 3080,wgsl,8,8,0.11546272929990664,,0.008578061362336194,0.1074150059139356,0.13745299656875432,32,1.0819181284205115e-07
NVIDIA GeForce RTX 3080,wgsl,8,8,0.11372334993211553,,0.008436833765922209,0.10608199227135628,0.13230300100985914,64,1.0819181284205115e-07
NVIDIA GeForce RTX 3080,wgsl,8,8,0.11364264966687188,,0.00813416139648601,0.10573200415819883,0.13210200995672494,128,1.0819181284205115e-07
NVIDIA GeForce RTX 3080,wgsl,8,8,0.11372306995326653,,0.008271732942591424,0.10546100384090096,0.13403600314632058,256,1.0819181284205115e-07
NVIDIA GeForce RTX 3080,wgsl,8,16,0.15682137993280776,,0.17225752192594543,0.13281400606501848,1.8703739915508777,32,1.1179782433146102e-07
NVIDIA GeForce RTX 3080,wgsl,8,16,0.13600913909613155,,0.002768560067891087,0.12744299601763487,0.14244198973756284,64,1.1179782433146102e-07
NVIDIA GeForce RTX 3080,wgsl,8,16,0.13363079968257807,,0.0040466998809597044,0.1258510019397363,0.15804199210833758,128,1.1179782433146102e-07
NVIDIA GeForce RTX 3080,wgsl,8,16,0.13402624084847048,,0.004956328985310422,0.12584100477397442,0.1563889964018017,256,1.1179782433146102e-07
NVIDIA GeForce RTX 3080,wgsl,8,32,0.17603194937692024,,0.005836435809398969,0.161828997079283,0.18749899754766375,32,1.6944937897278578e-07
NVIDIA GeForce RTX 3080,wgsl,8,32,0.1721139888104517,,0.005604168020236218,0.15970499953255057,0.18144700152333826,64,1.6944937897278578e-07
NVIDIA GeForce RTX 3080,wgsl,8,32,0.1685049400839489,,0.00894025291188931,0.15464599709957838,0.23492900072596967,128,1.6944937897278578e-07
NVIDIA GeForce RTX 3080,wgsl,8,32,0.15992247906979173,,0.0064689275940845005,0.14715100405737758,0.19107499974779785,256,1.6944937897278578e-07
NVIDIA GeForce RTX 3080,wgsl,8,64,0.2044468700478319,,0.006008363031818948,0.19906999659724534,0.23627100745216012,32,2.116659629791684e-07
NVIDIA GeForce RTX 3080,wgsl,8,64,0.2010116090241354,,0.005619501157438787,0.19592400349210948,0.22122199879959226,64,2.116659629791684e-07
NVIDIA GeForce RTX 3080,wgsl,8,64,0.19685715000377968,,0.006382980181533808,0.1920569920912385,0.22312600049190223,128,2.116659629791684e-07
NVIDIA GeForce RTX 3080,wgsl,8,64,0.18619426031364128,,0.0054099986504920535,0.18053500389214605,0.2033889904851094,256,2.116659629791684e-07
NVIDIA GeForce RTX 3080,wgsl,8,128,0.2896234003128484,,0.17199839958064578,0.26995599910151213,2.0008549909107387,32,2.506046428152331e-07
NVIDIA GeForce RTX 3080,wgsl,8,128,0.26878577016759664,,0.002590816258068183,0.26537700614426285,0.28651799948420376,64,2.506046428152331e-07
NVIDIA GeForce RTX 3080,wgsl,8,128,0.26561490885796957,,0.0015930235333312221,0.2630929957376793,0.27281101210974157,128,2.506046428152331e-07
NVIDIA GeForce RTX 3080,wgsl,8,128,0.2554184703330975,,0.0024034522468301227,0.25250299950130284,0.2673410053830594,256,2.506046428152331e-07
NVIDIA GeForce RTX 3080,wgsl,8,256,0.42305331051466055,,0.006373307051153586,0.4127989959670231,0.4416840092744678,32,3.864952304866165e-07
NVIDIA GeForce RTX 3080,wgsl,8,256,0.4188935205456801,,0.005426658509898051,0.409302010666579,0.4267659969627857,64,3.864952304866165e-07
NVIDIA GeForce RTX 3080,wgsl,8,256,0.4185075298300944,,0.006194769091432922,0.40864100446924567,0.4340799932833761,128,3.864952304866165e-07
NVIDIA GeForce RTX 3080,wgsl,8,256,0.4081472293182742,,0.005790840789183831,0.39729899435769767,0.4239599948050454,256,3.864952304866165e-07
NVIDIA GeForce RTX 3080,wgsl,8,512,0.7226858705689665,,0.17357325473078217,0.6925340130692348,2.4477679980918765,32,4.918126137454237e-07
NVIDIA GeForce RTX 3080,wgsl,8,512,0.7014381799672265,,0.00854164220912014,0.6885859911562875,0.7222600106615573,64,4.918126137454237e-07
NVIDIA GeForce RTX 3080,wgsl,8,512,0.7046816895308439,,0.008269065770380616,0.692644010996446,0.7168900046963245,128,4.918126137454237e-07
NVIDIA GeForce RTX 3080,wgsl,8,512,0.6945338888908736,,0.008879474017863593,0.6780959956813604,0.7085039978846908,256,4.918126137454237e-07
NVIDIA GeForce RTX 3080,wgsl,8,1024,1.2703928201517556,,0.008430178619260887,1.259918004507199,1.2866499891970307,32,8.81982145983784e-07
NVIDIA GeForce RTX 3080,wgsl,8,1024,1.2668115003907587,,0.009179194012946002,1.2564810022013262,1.3012269919272512,64,8.81982145983784e-07
NVIDIA GeForce RTX 3080,wgsl,8,1024,1.2800981693726499,,0.008816908879420663,1.2693259923253208,1.3158849906176329,128,8.81982145983784e-07
NVIDIA GeForce RTX 3080,wgsl,8,1024,1.271180689218454,,0.00967587251925228,1.2536860012914985,1.2989620008738711,256,8.81982145983784e-07
NVIDIA GeForce RTX 3080,wgsl,8,2048,1.9968179600255098,,0.20834911587407157,1.7969140026252717,2.4167980009224266,32,1.021316165861208e-06
NVIDIA GeForce RTX 3080,wgsl,8,2048,1.9926494502578862,,0.20848527987834692,1.79278600262478,2.4075619876384735,64,1.021316165861208e-06
NVIDIA GeForce RTX 3080,wgsl,8,2048,2.0173635604442097,,0.21236548883276604,1.8169320101151243,2.503204988897778,128,1.021316165861208e-06
NVIDIA GeForce RTX 3080,wgsl,8,2048,2.007574431190733,,0.21192489367954065,1.803255989216268,2.4447620089631528,256,1.021316165861208e-06
NVIDIA GeForce RTX 3080,wgsl,16,4,0.14620814996305853,,0.17468194958561678,0.12590100232046098,1.8841409910237417,32,8.798912887186816e-08
NVIDIA GeForce RTX 3080,wgsl,16,4,0.12695181954768486,,0.002662694257761035,0.12448799679987133,0.14624900359194726,64,8.798912887186816e-08
NVIDIA GeForce RTX 3080,wgsl,16,4,0.12849777995143086,,0.004175581935856963,0.12497900752350688,0.14943600399419665,128,8.798912887186816e-08
NVIDIA GeForce RTX 3080,wgsl,16,4,0.127859568601707,,0.003959868374288517,0.12430798960849643,0.1522410020697862,256,8.798912887186816e-08
NVIDIA GeForce RTX 3080,wgsl,16,8,0.1399001402023714,,0.007884455470136076,0.1297779963351786,0.16743000014685094,32,9.527092004191218e-08
NVIDIA GeForce RTX 3080,wgsl,16,8,0.13836410056683235,,0.00871485304475441,0.12792499910574406,0.1690030039753765,64,9.527092004191218e-08
NVIDIA GeForce RTX 3080,wgsl,16,8,0.13578529789811,,0.007309234194611152,0.12608099495992064,0.15310199523810297,128,9.527092004191218e-08
NVIDIA GeForce RTX 3080,wgsl,16,8,0.13603675935883075,,0.0075778075956872025,0.12622200301848352,0.15306200657505542,256,9.527092004191218e-08
NVIDIA GeForce RTX 3080,wgsl,16,16,0.1511611809837632,,0.007192850776573699,0.14449600712396204,0.1667280012043193,32,1.0463259769721844e-07
NVIDIA GeForce RTX 3080,wgsl,16,16,0.14959361898945644,,0.006618552514914285,0.14199200086295605,0.16469501133542508,64,1.0463259769721844e-07
NVIDIA GeForce RTX 3080,wgsl,16,16,0.14700980056659319,,0.0075015243503964955,0.14024799747858196,0.16432399570476264,128,1.0463259769721844e-07
NVIDIA GeForce RTX 3080,wgsl,16,16,0.14319584908662364,,0.007168174847656817,0.13618099910672754,0.1605360012035817,256,1.0463259769721844e-07
NVIDIA GeForce RTX 3080,wgsl,16,32,0.19936240918468684,,0.17163764419861183,0.17888199363369495,1.9067749963141978,32,1.389648645044872e-07
NVIDIA GeForce RTX 3080,wgsl,16,32,0.1791850604058709,,0.002010174990340929,0.176216010004282,0.18763900152407587,64,1.389648645044872e-07
NVIDIA GeForce RTX 3080,wgsl,16,32,0.17753336956957355,,0.0026285339242625508,0.17382200167048723,0.1896920002764091,128,1.389648645044872e-07
NVIDIA GeForce RTX 3080,wgsl,16,32,0.1720061493688263,,0.0024757329660428182,0.16916300228331238,0.18695798644330353,256,1.389648645044872e-07
NVIDIA GeForce RTX 3080,wgsl,16,64,0.2160810296481941,,0.004800080615483267,0.20196600235067308,0.23156299721449614,32,1.8003233037688915e-07
NVIDIA GeForce RTX 3080,wgsl,16,64,0.21423407015390694,,0.005557613675726159,0.19752800290007144,0.23052000324241817,64,1.8003233037688915e-07
NVIDIA GeForce RTX 3080,wgsl,16,64,0.21253076032735407,,0.0053306296677218985,0.19803900795523077,0.2323340013390407,128,1.8003233037688915e-07
NVIDIA GeForce RTX 3080,wgsl,16,64,0.20752955912030302,,0.0060686993081415066,0.1924170064739883,0.2316330064786598,256,1.8003233037688915e-07
NVIDIA GeForce RTX 3080,wgsl,16,128,0.2997957506158855,,0.17350728915604588,0.2732819993980229,2.0242589962435886,32,2.3049817343689938e-07
NVIDIA GeForce RTX 3080,wgsl,16,128,0.2800810801272746,,0.008871084832815677,0.2688329986995086,0.31341899011749774,64,2.3049817343689938e-07
NVIDIA GeForce RTX 3080,wgsl,16,128,0.279763119033305,,0.008230716181510727,0.2713280118769035,0.29979299870319664,128,2.3049817343689938e-07
NVIDIA GeForce RTX 3080,wgsl,16,128,0.2739869797369465,,0.007817673243998985,0.26523700216785073,0.2901050029322505,256,2.3049817343689938e-07
NVIDIA GeForce RTX 3080,wgsl,16,256,0.4225059799500741,,0.006377352871291662,0.4182989941909909,0.48093899386003613,32,3.065584053274506e-07
NVIDIA GeForce RTX 3080,wgsl,16,256,0.41958327012252994,,0.0026668642199143724,0.41435200546402484,0.43416999687906355,64,3.065584053274506e-07
NVIDIA GeForce RTX 3080,wgsl,16,256,0.4220417504257057,,0.0032829110475293918,0.4174579953541979,0.44349698873702437,128,3.065584053274506e-07
NVIDIA GeForce RTX 3080,wgsl,16,256,0.41607855033362284,,0.0034061045914226965,0.41145700379274786,0.4289089993108064,256,3.065584053274506e-07
NVIDIA GeForce RTX 3080,wgsl,16,512,0.7143417885527015,,0.004539031873089318,0.7089149876264855,0.73233999137301,32,4.307431140659901e-07
NVIDIA GeForce RTX 3080,wgsl,16,512,0.7122351098223589,,0.010533819610485641,0.706541002728045,0.8110000053420663,64,4.307431140659901e-07
NVIDIA GeForce RTX 3080,wgsl,16,512,0.7186153902148362,,0.005047031551850368,0.7128829893190414,0.7374599954346195,128,4.307431140659901e-07
NVIDIA GeForce RTX 3080,wgsl,16,512,0.7137418194906786,,0.005573447120208527,0.7037250034045428,0.7316080009331927,256,4.307431140659901e-07
NVIDIA GeForce RTX 3080,wgsl,16,1024,1.5136537895887159,,1.0820409612829829,1.2870899954577908,9.012654001708142,32,6.060445798539149e-07
NVIDIA GeForce RTX 3080,wgsl,16,1024,1.3424161508737598,,0.23038526607877605,1.2837530084652826,3.2936740026343614,64,6.060445798539149e-07
NVIDIA GeForce RTX 3080,wgsl,16,1024,1.3378207689675037,,0.15481613921615656,1.301336000324227,2.794059008010663,128,6.060445798539149e-07
NVIDIA GeForce RTX 3080,wgsl,16,1024,1.3776910804153886,,0.41006610798958293,1.2869900092482567,4.743375000543892,256,6.060445798539149e-07
NVIDIA GeForce RTX 3080,wgsl,16,2048,2.0152511705236975,,0.20935839532545925,1.8433439981890842,2.461923999362625,32,8.935201663007319e-07
NVIDIA GeForce RTX 3080,wgsl,16,2048,2.0100804704998154,,0.20738989647196593,1.8425809976179153,2.4549619993194938,64,8.935201663007319e-07
NVIDIA GeForce RTX 3080,wgsl,16,2048,2.0362204004777595,,0.2076884149547647,1.866646998678334,2.487284000380896,128,8.935201663007319e-07
NVIDIA GeForce RTX 3080,wgsl,16,2048,2.0333857701916713,,0.208150523604241,1.8566780054243281,2.5116799952229485,256,8.935201663007319e-07
NVIDIA GeForce RTX 3080,wgsl,32,4,0.1543636404676363,,0.174800787182456,0.12676199548877776,1.8917850102297962,32,6.736978264143545e-08
NVIDIA GeForce RTX 3080,wgsl,32,4,0.13467384007526562,,0.007419649944379809,0.12404700100887567,0.14668999938294291,64,6.736978264143545e-08
NVIDIA GeForce RTX 3080,wgsl,32,4,0.1360701202065684,,0.009157929758475175,0.12478799908421934,0.16290100757032633,128,6.736978264143545e-08
NVIDIA GeForce RTX 3080,wgsl,32,4,0.13508534160791896,,0.007644237323119931,0.12475800758693367,0.15929399523884058,256,6.736978264143545e-08
NVIDIA GeForce RTX 3080,wgsl,32,8,0.14624166025896557,,0.006456582269706256,0.14020700473338366,0.18048500351142138,32,8.255965155967715e-08
NVIDIA GeForce RTX 3080,wgsl,32,8,0.14402702130610123,,0.00511652801327306,0.13890600530430675,0.1638630055822432,64,8.255965155967715e-08
NVIDIA GeForce RTX 3080,wgsl,32,8,0.14328222969197668,,0.005603927936945818,0.13839399616699666,0.16232000780291855,128,8.255965155967715e-08
NVIDIA GeForce RTX 3080,wgsl,32,8,0.1410166001005564,,0.005199010614570349,0.13531801232602447,0.15579799946863204,256,8.255965155967715e-08
NVIDIA GeForce RTX 3080,wgsl,32,16,0.15268258008291014,,0.0094022049693086,0.1449069968657568,0.19766799232456833,32,9.514364762708283e-08
NVIDIA GeForce RTX 3080,wgsl,32,16,0.15125044927117415,,0.009140404689781143,0.14336399908643216,0.18931199156213552,64,9.514364762708283e-08
NVIDIA GeForce RTX 3080,wgsl,32,16,0.14982421984313987,,0.00906584354965482,0.1427930110367015,0.1926179975271225,128,9.514364762708283e-08
NVIDIA GeForce RTX 3080,wgsl,32,16,0.14745776992640458,,0.01243646916842197,0.1398169988533482,0.23803500516805798,256,9.514364762708283e-08
NVIDIA GeForce RTX 3080,wgsl,32,32,0.18953692022478208,,0.1887006917671975,0.16298200353048742,2.0653969986597076,32,1.1965870783114951e-07
NVIDIA GeForce RTX 3080,wgsl,32,32,0.16826254839543253,,0.006538086533383367,0.16216999210882932,0.1936999906320125,64,1.1965870783114951e-07
NVIDIA GeForce RTX 3080,wgsl,32,32,0.16868783000973053,,0.00811193828398668,0.1621799892745912,0.2047320012934506,128,1.1965870783114951e-07
NVIDIA GeForce RTX 3080,wgsl,32,32,0.16493271017679945,,0.006550864682503173,0.15869300113990903,0.19930100825149566,256,1.1965870783114951e-07
NVIDIA GeForce RTX 3080,wgsl,32,64,0.20581645920174196,,0.004434830670994106,0.20225699699949473,0.23606099421158433,32,1.7382700434609433e-07
NVIDIA GeForce RTX 3080,wgsl,32,64,0.20389309007441625,,0.0030807192370859294,0.20031198801007122,0.22736500250175595,64,1.7382700434609433e-07
NVIDIA GeForce RTX 3080,wgsl,32,64,0.20533272923785262,,0.006845426453539143,0.20096400112379342,0.2596769918454811,128,1.7382700434609433e-07
NVIDIA GeForce RTX 3080,wgsl,32,64,0.20084981952095404,,0.0028641910169637484,0.1973670005099848,0.2178169961553067,256,1.7382700434609433e-07
NVIDIA GeForce RTX 3080,wgsl,32,128,0.3031439501501154,,0.17847827901693972,0.27739000506699085,2.076819000649266,32,2.2010449640674778e-07
NVIDIA GeForce RTX 3080,wgsl,32,128,0.28385152996634133,,0.008685180846964574,0.2763579977909103,0.3128469979856163,64,2.2010449640674778e-07
NVIDIA GeForce RTX 3080,wgsl,32,128,0.28549611946800724,,0.01099118183050917,0.27706999389920384,0.35478800418786705,128,2.2010449640674778e-07
NVIDIA GeForce RTX 3080,wgsl,32,128,0.2817591700295452,,0.008346544029175968,0.273944009677507,0.30967200291343033,256,2.2010449640674778e-07
NVIDIA GeForce RTX 3080,wgsl,32,256,0.4525006504263729,,0.14396690732235068,0.42864900024142116,1.8819170072674751,32,2.925753790350427e-07
NVIDIA GeForce RTX 3080,wgsl,32,256,0.4375791994971223,,0.012094740547623824,0.42754699825309217,0.4959179932484403,64,2.925753790350427e-07
NVIDIA GeForce RTX 3080,wgsl,32,256,0.4457890591584146,,0.0490133862708275,0.42975100222975016,0.9189169941237196,128,2.925753790350427e-07
NVIDIA GeForce RTX 3080,wgsl,32,256,0.4944274500303436,,0.44879280044532954,0.42773700261022896,4.686996995587833,256,2.925753790350427e-07
NVIDIA GeForce RTX 3080,wgsl,32,512,0.7704253202246036,,0.31784339030812253,0.7307860068976879,3.931864004698582,32,3.9967571296983806e-07
NVIDIA GeForce RTX 3080,wgsl,32,512,0.7488506997469813,,0.10901938945767037,0.7290330104297027,1.820610006689094,64,3.9967571296983806e-07
NVIDIA GeForce RTX 3080,wgsl,32,512,0.74601776083,,0.013422188782807348,0.7374690030701458,0.847089002490975,128,3.9967571296983806e-07
NVIDIA GeForce RTX 3080,wgsl,32,512,0.7485659292433411,,0.08768395789077087,0.7309770007850602,1.6144349938258529,256,3.9967571296983806e-07
NVIDIA GeForce RTX 3080,wgsl,32,1024,1.3626638795540202,,0.175271416318552,1.3369049993343651,3.1051449914230034,32,6.010286597302184e-07
NVIDIA GeForce RTX 3080,wgsl,32,1024,1.3447131995053496,,0.007799031398413147,1.3328670029295608,1.37065899616573,64,6.010286597302184e-07
NVIDIA GeForce RTX 3080,wgsl,32,1024,1.3630841694248375,,0.007664565535223629,1.353698011371307,1.3858180027455091,128,6.010286597302184e-07
NVIDIA GeForce RTX 3080,wgsl,32,1024,1.3613866399100516,,0.009632766789554015,1.3445599906845018,1.396999999997206,256,6.010286597302184e-07
NVIDIA GeForce RTX 3080,wgsl,32,2048,2.107019240356749,,0.21511849499366195,1.9469709950499237,2.593715995317325,32,8.659756076667691e-07
NVIDIA GeForce RTX 3080,wgsl,32,2048,2.0964627408829983,,0.20779003205011323,1.9431130058364943,2.58490999112837,64,8.659756076667691e-07
NVIDIA GeForce RTX 3080,wgsl,32,2048,2.1236043903627433,,0.20920570952556505,1.9695039954967797,2.633192008943297,128,8.659756076667691e-07
NVIDIA GeForce RTX 3080,wgsl,32,2048,2.1336945907387417,,0.26481865352393985,1.9593440083554015,3.7949130055494606,256,8.659756076667691e-07
NVIDIA GeForce RTX 3080,wgsl,64,4,0.19335702992975712,,0.35622778988334236,0.12629100820049644,3.2511729950783774,32,6.82855585409925e-08
NVIDIA GeForce RTX 3080,wgsl,64,4,0.14109458134043962,,0.020898607177582382,0.12575100117828697,0.2817979984683916,64,6.82855585409925e-08
NVIDIA GeForce RTX 3080,wgsl,64,4,0.13821275948430412,,0.013038782332951162,0.1245280000148341,0.18112600082531571,128,6.82855585409925e-08
NVIDIA GeForce RTX 3080,wgsl,64,4,0.1372112802346237,,0.013010785603229777,0.1245280000148341,0.18775800708681345,256,6.82855585409925e-08
NVIDIA GeForce RTX 3080,wgsl,64,8,0.14317164983367547,,0.006143752381171204,0.13758300337940454,0.1694429956842214,32,7.985651961917029e-08
NVIDIA GeForce RTX 3080,wgsl,64,8,0.1421794603811577,,0.005151914653797171,0.1376330037601292,0.16138800128828734,64,7.985651961917029e-08
NVIDIA GeForce RTX 3080,wgsl,64,8,0.1418675399327185,,0.005963752142876019,0.13715200475417078,0.1745629997458309,128,7.985651961917029e-08
NVIDIA GeForce RTX 3080,wgsl,64,8,0.13991582847665995,,0.005395819216787337,0.13512899749912322,0.16428399248979986,256,7.985651961917029e-08
NVIDIA GeForce RTX 3080,wgsl,64,16,0.15988346975063905,,0.013204770445367647,0.14760199701413512,0.2046309964498505,32,8.707906573590662e-08
NVIDIA GeForce RTX 3080,wgsl,64,16,0.16493368981173262,,0.0500657957192772,0.14772200665902346,0.5902789998799562,64,8.707906573590662e-08
NVIDIA GeForce RTX 3080,wgsl,64,16,0.16139007959282026,,0.03078067974697012,0.14723200001753867,0.43481000466272235,128,8.707906573590662e-08
NVIDIA GeForce RTX 3080,wgsl,64,16,0.17225176998181269,,0.14338925055453663,0.1449169940315187,1.5860610001254827,256,8.707906573590662e-08
NVIDIA GeForce RTX 3080,wgsl,64,32,0.19079575999057852,,0.17357582550567718,0.1681120047578588,1.917464003781788,32,1.0951719531249182e-07
NVIDIA GeForce RTX 3080,wgsl,64,32,0.17236427025636658,,0.0029893017823149582,0.1676399988355115,0.18396100495010614,64,1.0951719531249182e-07
NVIDIA GeForce RTX 3080,wgsl,64,32,0.17242773930775002,,0.00305172169823566,0.16734999371692538,0.18601599731482565,128,1.0951719531249182e-07
NVIDIA GeForce RTX 3080,wgsl,64,32,0.17067524095182307,,0.003135876188151548,0.16612699255347252,0.18258900672663003,256,1.0951719531249182e-07
NVIDIA GeForce RTX 3080,wgsl,64,64,0.213169689377537,,0.003706827818955313,0.2083080034935847,0.23639100254513323,32,1.4879634591125068e-07
NVIDIA GeForce RTX 3080,wgsl,64,64,0.2113859106611926,,0.003277330073871392,0.20761600171681494,0.23134199727792293,64,1.4879634591125068e-07
NVIDIA GeForce RTX 3080,wgsl,64,64,0.21249153985991143,,0.0028106987017294752,0.20831800065934658,0.22238500241655856,128,1.4879634591125068e-07
NVIDIA GeForce RTX 3080,wgsl,64,64,0.21130413995706476,,0.0035933342664697726,0.20631399820558727,0.23556000087410212,256,1.4879634591125068e-07
NVIDIA GeForce RTX 3080,wgsl,64,128,0.302571140055079,,0.021874836312746584,0.28941300115548074,0.4279979912098497,32,2.1412584771951515e-07
NVIDIA GeForce RTX 3080,wgsl,64,128,0.33636947904597037,,0.36574290399572834,0.2870079915737733,3.969665995100513,64,2.1412584771951515e-07
NVIDIA GeForce RTX 3080,wgsl,64,128,0.3189316697535105,,0.15661663504476558,0.28886200743727386,1.845327002229169,128,2.1412584771951515e-07
NVIDIA GeForce RTX 3080,wgsl,64,128,0.39331919004325755,,0.647435887865348,0.28672801272477955,5.1483889983501285,256,2.1412584771951515e-07
NVIDIA GeForce RTX 3080,wgsl,64,256,0.5334795190719888,,0.5359496391149354,0.4492680018302053,5.548804998397827,32,2.755781736141216e-07
NVIDIA GeForce RTX 3080,wgsl,64,256,0.5689421604620293,,1.0779982951045217,0.4440280026756227,11.269317008554935,64,2.755781736141216e-07
NVIDIA GeForce RTX 3080,wgsl,64,256,0.4667803096526768,,0.055471161351370576,0.4500600043684244,0.9826180030358955,128,2.755781736141216e-07
NVIDIA GeForce RTX 3080,wgsl,64,256,0.4925858105707448,,0.3203208165481607,0.44632299977820367,3.67594399722293,256,2.755781736141216e-07
NVIDIA GeForce RTX 3080,wgsl,64,512,0.7930101001693401,,0.11264604180715805,0.7700209971517324,1.9052220013691112,32,3.899995988376759e-07
NVIDIA GeForce RTX 3080,wgsl,64,512,0.7935344391444232,,0.17412268723040464,0.7605430000694469,2.5131639995379373,64,3.899995988376759e-07
NVIDIA GeForce RTX 3080,wgsl,64,512,0.7865339190175291,,0.019874500624146852,0.7709829951636493,0.9343759884359315,128,3.899995988376759e-07
NVIDIA GeForce RTX 3080,wgsl,64,512,0.8415091803180985,,0.5003859584220678,0.7708140037721023,5.816255012177862,256,3.899995988376759e-07
NVIDIA GeForce RTX 3080,wgsl,64,1024,1.4712117912131362,,0.2268515864408503,1.4277689915616065,3.1985630048438907,32,5.483033760356193e-07
NVIDIA GeForce RTX 3080,wgsl,64,1024,1.5291574301954824,,1.0381935959323805,1.4132609940133989,11.858080993988551,64,5.483033760356193e-07
NVIDIA GeForce RTX 3080,wgsl,64,1024,1.550843630102463,,1.009834364310722,1.434009987860918,11.597322998568416,128,5.483033760356193e-07
NVIDIA GeForce RTX 3080,wgsl,64,1024,1.5575472492491826,,0.9561415924373343,1.4301240007625893,11.069143991335295,256,5.483033760356193e-07
NVIDIA GeForce RTX 3080,wgsl,64,2048,2.3623232200043276,,0.2345785718556242,2.105382998706773,2.822624010150321,32,7.307193641281629e-07
NVIDIA GeForce RTX 3080,wgsl,64,2048,2.3574463998374995,,0.34011264702163296,2.0858570060227066,4.873564001172781,64,7.307193641281629e-07
NVIDIA GeForce RTX 3080,wgsl,64,2048,2.3707069004012737,,0.2366353256958212,2.111585999955423,2.80027199187316,128,7.307193641281629e-07
NVIDIA GeForce RTX 3080,wgsl,64,2048,2.4032521809567697,,0.23667374334145277,2.1492379892151803,2.8745749877998605,256,7.307193641281629e-07
NVIDIA GeForce RTX 3080,wgsl,128,4,0.140285439993022,,0.007459348726692147,0.1296679984079674,0.16470500850118697,32,6.528107832082242e-08
NVIDIA GeForce RTX 3080,wgsl,128,4,0.140265360387275,,0.008073395393169487,0.12935699487570673,0.16819100710563362,64,6.528107832082242e-08
NVIDIA GeForce RTX 3080,wgsl,128,4,0.13946262988611124,,0.00720451622163254,0.1295669935643673,0.16086699906736612,128,6.528107832082242e-08
NVIDIA GeForce RTX 3080,wgsl,128,4,0.13922742873546667,,0.008217542119170139,0.1281750010093674,0.1779000012902543,256,6.528107832082242e-08
NVIDIA GeForce RTX 3080,wgsl,128,8,0.16687014998751692,,0.1749955946750765,0.1422019995516166,1.90691500029061,32,7.487518161042317e-08
NVIDIA GeForce RTX 3080,wgsl,128,8,0.14897502871463075,,0.007288957057959873,0.14153099618852139,0.17779000336304307,64,7.487518161042317e-08
NVIDIA GeForce RTX 3080,wgsl,128,8,0.1486382307484746,,0.005952641646006527,0.1414199941791594,0.1642239949433133,128,7.487518161042317e-08
NVIDIA GeForce RTX 3080,wgsl,128,8,0.14736796962097287,,0.006176259070451639,0.14047800505068153,0.16048600082285702,256,7.487518161042317e-08
NVIDIA GeForce RTX 3080,wgsl,128,16,0.1642644705134444,,0.0065776840053722386,0.15326299762818962,0.18303999968338758,32,8.924450156655439e-08
NVIDIA GeForce RTX 3080,wgsl,128,16,0.16243850986938924,,0.006484248632570031,0.1528919965494424,0.18309999722987413,64,8.924450156655439e-08
NVIDIA GeForce RTX 3080,wgsl,128,16,0.16627738979877904,,0.03136829909505278,0.15298200014512986,0.47271299990825355,128,8.924450156655439e-08
NVIDIA GeForce RTX 3080,wgsl,128,16,0.16234715076279826,,0.006805180588642484,0.15256200276780874,0.18704698595684022,256,8.924450156655439e-08
NVIDIA GeForce RTX 3080,wgsl,128,32,0.2085202700982336,,0.17624932592625936,0.17824099631980062,1.961578003829345,32,1.1263723820320592e-07
NVIDIA GeForce RTX 3080,wgsl,128,32,0.18853840068913996,,0.004276272419688739,0.17587700858712196,0.19726699974853545,64,1.1263723820320592e-07
NVIDIA GeForce RTX 3080,wgsl,128,32,0.18880732081015594,,0.004837364352679029,0.1765670021995902,0.21130401000846177,128,1.1263723820320592e-07
NVIDIA GeForce RTX 3080,wgsl,128,32,0.18873136985348538,,0.004416487742408771,0.175634995684959,0.19652600167319179,256,1.1263723820320592e-07
NVIDIA GeForce RTX 3080,wgsl,128,64,0.2301769985933788,,0.006726077002709852,0.21833799837622792,0.24986699281726032,32,1.4620525234931847e-07
NVIDIA GeForce RTX 3080,wgsl,128,64,0.22714647027896717,,0.007422585951049679,0.2152920060325414,0.2575819962657988,64,1.4620525234931847e-07
NVIDIA GeForce RTX 3080,wgsl,128,64,0.2274670901533682,,0.00781023308823825,0.21544199262280017,0.2681330079212785,128,1.4620525234931847e-07
NVIDIA GeForce RTX 3080,wgsl,128,64,0.22861562960315496,,0.007210419303598093,0.21679500059690326,0.24370600294787437,256,1.4620525234931847e-07
NVIDIA GeForce RTX 3080,wgsl,128,128,0.3217772794596385,,0.012098476933045683,0.310112998704426,0.35809499968308955,32,1.9490437352942536e-07
NVIDIA GeForce RTX 3080,wgsl,128,128,0.321301329677226,,0.04336736040048866,0.3040809970116243,0.7128419965738431,64,1.9490437352942536e-07
NVIDIA GeForce RTX 3080,wgsl,128,128,0.31978149025235325,,0.014199109217125723,0.3066460049012676,0.3563710051821545,128,1.9490437352942536e-07
NVIDIA GeForce RTX 3080,wgsl,128,128,0.3210872611089144,,0.013197327864762427,0.30806800350546837,0.35672100784722716,256,1.9490437352942536e-07
NVIDIA GeForce RTX 3080,wgsl,128,256,0.52326685123262,,0.17485188621804354,0.4945149994455278,2.260149994981475,32,2.6279852249899704e-07
NVIDIA GeForce RTX 3080,wgsl,128,256,0.4943354292481672,,0.0089606179517345,0.4826419899472967,0.5201540043344721,64,2.6279852249899704e-07
NVIDIA GeForce RTX 3080,wgsl,128,256,0.49596356926485896,,0.009057755033934575,0.4841359914280474,0.5409440054791048,128,2.6279852249899704e-07
NVIDIA GeForce RTX 3080,wgsl,128,256,0.5033499289129395,,0.008114682428565724,0.4914189921692014,0.532156991539523,256,2.6279852249899704e-07
NVIDIA GeForce RTX 3080,wgsl,128,512,0.8911691189859994,,0.008054644210801943,0.8782590011833236,0.9181249915855005,32,3.7406999808808905e-07
NVIDIA GeForce RTX 3080,wgsl,128,512,0.8690504102560226,,0.008614143804052336,0.855405000038445,0.9169719996862113,64,3.7406999808808905e-07
NVIDIA GeForce RTX 3080,wgsl,128,512,0.8729028089146595,,0.012020814634934799,0.8582099981140345,0.9546840010443702,128,3.7406999808808905e-07
NVIDIA GeForce RTX 3080,wgsl,128,512,0.8871139197435696,,0.007993385618809542,0.874952005688101,0.9146470110863447,256,3.7406999808808905e-07
NVIDIA GeForce RTX 3080,wgsl,128,1024,1.6456358297728002,,0.1733418014511893,1.61295200814493,3.3674250007607043,32,5.32399099029135e-07
NVIDIA GeForce RTX 3080,wgsl,128,1024,1.58083176065702,,0.008283853091034837,1.567775005241856,1.6035539883887395,64,5.32399099029135e-07
NVIDIA GeForce RTX 3080,wgsl,128,1024,1.5880893595749512,,0.010666312528412623,1.5705110126873478,1.6366179916076362,128,5.32399099029135e-07
NVIDIA GeForce RTX 3080,wgsl,128,1024,1.6230189410271123,,0.023325128048938718,1.6047480021370575,1.833324000472203,256,5.32399099029135e-07
NVIDIA GeForce RTX 3080,wgsl,128,2048,2.690413919481216,,0.19747195426097064,2.5357059930684045,3.11243899341207,32,7.104175097083498e-07
NVIDIA GeForce RTX 3080,wgsl,128,2048,2.619264029635815,,0.1908169280021612,2.461583004333079,3.0189499957486987,64,7.104175097083498e-07
NVIDIA GeForce RTX 3080,wgsl,128,2048,2.62613298924407,,0.1936207746743943,2.4732360034249723,3.03311699826736,128,7.104175097083498e-07
NVIDIA GeForce RTX 3080,wgsl,128,2048,2.6864714703697246,,0.1988957461428445,2.529635006794706,3.1038810120662674,256,7.104175097083498e-07
NVIDIA GeForce RTX 3080,wgsl,256,4,0.143372180609731,,0.004844155039747229,0.13660099648404866,0.15807300223968923,32,6.00684231244486e-08
NVIDIA GeForce RTX 3080,wgsl,256,4,0.14305887976661325,,0.004673638455160818,0.13496799510903656,0.15604800137225538,64,6.00684231244486e-08
NVIDIA GeForce RTX 3080,wgsl,256,4,0.14332801976706833,,0.005394868247659869,0.13424699136521667,0.16622700786683708,128,6.00684231244486e-08
NVIDIA GeForce RTX 3080,wgsl,256,4,0.143078569235513,,0.005471207582899073,0.1346180069958791,0.1588239974807948,256,6.00684231244486e-08
NVIDIA GeForce RTX 3080,wgsl,256,8,0.16508439017343335,,0.1755589425651639,0.14155999815557152,1.9111420115223154,32,7.065100504632937e-08
NVIDIA GeForce RTX 3080,wgsl,256,8,0.14691598946228623,,0.004931165700269922,0.14044898853171617,0.161137999384664,64,7.065100504632937e-08
NVIDIA GeForce RTX 3080,wgsl,256,8,0.14700208921567537,,0.005955541056522266,0.14058899250812829,0.17509401368442923,128,7.065100504632937e-08
NVIDIA GeForce RTX 3080,wgsl,256,8,0.14764865016331896,,0.005768315291505752,0.14063900744076818,0.16538600903004408,256,7.065100504632937e-08
NVIDIA GeForce RTX 3080,wgsl,256,16,0.16121309032314457,,0.006665236600177242,0.15528700896538794,0.17922298866324127,32,8.813474039470748e-08
NVIDIA GeForce RTX 3080,wgsl,256,16,0.16071273959823884,,0.0059530372296211,0.15451500075869262,0.17632699746172875,64,8.813474039470748e-08
NVIDIA GeForce RTX 3080,wgsl,256,16,0.16033242995035835,,0.00702938168235121,0.15341299877036363,0.1815470022847876,128,8.813474039470748e-08
NVIDIA GeForce RTX 3080,wgsl,256,16,0.16070814046543092,,0.006345690090248038,0.1538640062790364,0.17508499149698764,256,8.813474039470748e-08
NVIDIA GeForce RTX 3080,wgsl,256,32,0.21173556131543592,,0.17418073424855987,0.18227900727652013,1.942713002790697,32,1.0937068140037809e-07
NVIDIA GeForce RTX 3080,wgsl,256,32,0.19280775988590904,,0.008100201374800754,0.1821080077206716,0.20755598961841315,64,1.0937068140037809e-07
NVIDIA GeForce RTX 3080,wgsl,256,32,0.19222012080717832,,0.008487225372862872,0.18033399828709662,0.21071299852337688,128,1.0937068140037809e-07
NVIDIA GeForce RTX 3080,wgsl,256,32,0.19266771952970885,,0.008288399338992702,0.18091600213665515,0.22369700309354812,256,1.0937068140037809e-07
NVIDIA GeForce RTX 3080,wgsl,256,64,0.2417755605711136,,0.0046786418916711335,0.23828599660191685,0.27248100377619267,32,1.3713459168229747e-07
NVIDIA GeForce RTX 3080,wgsl,256,64,0.240125169075327,,0.0030540757666900936,0.23605099704582244,0.25561900110915303,64,1.3713459168229747e-07
NVIDIA GeForce RTX 3080,wgsl,256,64,0.23904244066216052,,0.0023691556425651013,0.23568001051899046,0.2537150139687583,128,1.3713459168229747e-07
NVIDIA GeForce RTX 3080,wgsl,256,64,0.2393699403910432,,0.0031144920951215243,0.23595000675413758,0.2562000008765608,256,1.3713459168229747e-07
NVIDIA GeForce RTX 3080,wgsl,256,128,0.35644518939079717,,0.003699746290397629,0.3499689919408411,0.37045800127089024,32,1.9349577939919982e-07
NVIDIA GeForce RTX 3080,wgsl,256,128,0.3541553395916708,,0.003475034272214638,0.3475440025795251,0.3706779971253127,64,1.9349577939919982e-07
NVIDIA GeForce RTX 3080,wgsl,256,128,0.3512637493258808,,0.0031200960404602564,0.34572998993098736,0.3620930074248463,128,1.9349577939919982e-07
NVIDIA GeForce RTX 3080,wgsl,256,128,0.3521219108370133,,0.004193048030289893,0.34602099913172424,0.3754680074052885,256,1.9349577939919982e-07
NVIDIA GeForce RTX 3080,wgsl,256,256,0.6155679689254612,,0.1841535584068784,0.5873929912922904,2.44242801272776,32,2.769082811937551e-07
NVIDIA GeForce RTX 3080,wgsl,256,256,0.5921887802833226,,0.011119748920705635,0.5830440059071407,0.643770006718114,64,2.769082811937551e-07
NVIDIA GeForce RTX 3080,wgsl,256,256,0.5871262001164723,,0.011137048299157785,0.5769330018665642,0.6441219884436578,128,2.769082811937551e-07
NVIDIA GeForce RTX 3080,wgsl,256,256,0.5877700500423089,,0.011981466813939969,0.5784460081486031,0.6690390000585467,256,2.769082811937551e-07
NVIDIA GeForce RTX 3080,wgsl,256,512,1.0446031001629308,,0.015203242032065127,1.0316410043742508,1.119950000429526,32,3.551975282789499e-07
NVIDIA GeForce RTX 3080,wgsl,256,512,1.0362880701723043,,0.01317314016653197,1.0233060020254925,1.0779189906315878,64,3.551975282789499e-07
NVIDIA GeForce RTX 3080,wgsl,256,512,1.0551138293521944,,0.29307703574476035,1.011764004942961,3.9677119930274785,128,3.551975282789499e-07
NVIDIA GeForce RTX 3080,wgsl,256,512,1.0259374695306178,,0.013658631122936225,1.0131760063814,1.0804049961734563,256,3.551975282789499e-07
NVIDIA GeForce RTX 3080,wgsl,256,1024,1.9394347601337358,,0.010092172289795056,1.9210099999327213,1.9682920101331547,32,4.905888886241883e-07
NVIDIA GeForce RTX 3080,wgsl,256,1024,1.9242444104747847,,0.009746612983205514,1.907505007693544,1.9525319949025288,64,4.905888886241883e-07
NVIDIA GeForce RTX 3080,wgsl,256,1024,1.9051477500761393,,0.011907809678645683,1.8879380077123642,1.9499360059853643,128,4.905888886241883e-07
NVIDIA GeForce RTX 3080,wgsl,256,1024,1.902580519526964,,0.010596411379933345,1.8843310099327937,1.9417209987295792,256,4.905888886241883e-07
NVIDIA GeForce RTX 3080,wgsl,256,2048,4.8914698405133095,,2.009839530984756,3.710862001753412,15.713789995061234,32,6.73763963732199e-07
NVIDIA GeForce RTX 3080,wgsl,256,2048,4.874892619700404,,2.4832054616547157,3.68193699978292,18.85924099769909,64,6.73763963732199e-07
NVIDIA GeForce RTX 3080,wgsl,256,2048,4.468051638832549,,1.2897615097448085,3.638804002548568,16.432132993941195,128,6.73763963732199e-07
NVIDIA GeForce RTX 3080,wgsl,256,2048,4.725286079774378,,1.9548700435770137,3.6448749888222665,16.664907001540996,256,6.73763963732199e-07
NVIDIA GeForce RTX 3080,wgsl,512,4,0.32859687897143885,,0.3896801982738194,0.1373819977743551,2.9900439985794947,32,6.29761203185808e-08
NVIDIA GeForce RTX 3080,wgsl,512,4,0.3388053995149676,,0.4012892077543157,0.1367310032946989,2.6923660043394193,64,6.29761203185808e-08
NVIDIA GeForce RTX 3080,wgsl,512,4,0.37454958059242927,,0.4884613373733485,0.1371730031678453,2.813115992466919,128,6.29761203185808e-08
NVIDIA GeForce RTX 3080,wgsl,512,4,0.3705133697076235,,0.4964448805349833,0.13714199303649366,2.8087380051147193,256,6.29761203185808e-08
NVIDIA GeForce RTX 3080,wgsl,512,8,0.1737473603861872,,0.17447115838389282,0.14798300981055945,1.9088880071649328,32,6.82449012856523e-08
NVIDIA GeForce RTX 3080,wgsl,512,8,0.15543462985078804,,0.0048963356485664114,0.14729199756402522,0.1754650002112612,64,6.82449012856523e-08
NVIDIA GeForce RTX 3080,wgsl,512,8,0.1566957207978703,,0.005110001853592361,0.14718099555466324,0.1760260056471452,128,6.82449012856523e-08
NVIDIA GeForce RTX 3080,wgsl,512,8,0.15570433111861348,,0.004915454337467744,0.1454579905839637,0.1711369986878708,256,6.82449012856523e-08
NVIDIA GeForce RTX 3080,wgsl,512,16,0.17460989009123296,,0.002813188278837786,0.17003399261739105,0.18729799194261432,32,8.294489362015156e-08
NVIDIA GeForce RTX 3080,wgsl,512,16,0.17456036046496592,,0.003429294856522727,0.1655169908190146,0.19483199866954237,64,8.294489362015156e-08
NVIDIA GeForce RTX 3080,wgsl,512,16,0.18139367050025612,,0.0657190202013466,0.16854199930094182,0.8345750102307647,128,8.294489362015156e-08
NVIDIA GeForce RTX 3080,wgsl,512,16,0.17445311983465217,,0.0029695840081361146,0.16743999731261283,0.185854994924739,256,8.294489362015156e-08
NVIDIA GeForce RTX 3080,wgsl,512,32,0.2232297086447943,,0.0989294004728518,0.2062439889414236,1.2047930067637935,32,1.170692058849454e-07
NVIDIA GeForce RTX 3080,wgsl,512,32,0.21312237076926976,,0.008419478617542275,0.20513200433924794,0.2554990060161799,64,1.170692058849454e-07
NVIDIA GeForce RTX 3080,wgsl,512,32,0.215985339746112,,0.02437354728169451,0.20656500419136137,0.444930003141053,128,1.170692058849454e-07
NVIDIA GeForce RTX 3080,wgsl,512,32,0.21208495978498831,,0.0069089713108561575,0.20543199207168072,0.26491700555197895,256,1.170692058849454e-07
NVIDIA GeForce RTX 3080,wgsl,512,64,0.3156455609132536,,0.17351046102675113,0.2777210029307753,2.034467994235456,32,1.3744072191457235e-07
NVIDIA GeForce RTX 3080,wgsl,512,64,0.29627822077600285,,0.013434749981818907,0.27600699104368687,0.3508809895720333,64,1.3744072191457235e-07
NVIDIA GeForce RTX 3080,wgsl,512,64,0.2969690505415201,,0.012357954272643374,0.2777110057650134,0.35539999953471124,128,1.3744072191457235e-07
NVIDIA GeForce RTX 3080,wgsl,512,64,0.3591822204180062,,0.6273841506853476,0.27588699595071375,6.598851992748678,256,1.3744072191457235e-07
NVIDIA GeForce RTX 3080,wgsl,512,128,0.4481630105874501,,0.006649533299087095,0.4422459896886721,0.5027000006521121,32,1.865314800397755e-07
NVIDIA GeForce RTX 3080,wgsl,512,128,0.44637425045948476,,0.005883181688834307,0.4399610043037683,0.4742070013890043,64,1.865314800397755e-07
NVIDIA GeForce RTX 3080,wgsl,512,128,0.4476265993434936,,0.0044713209372091904,0.44158300443086773,0.4623829881893471,128,1.865314800397755e-07
NVIDIA GeForce RTX 3080,wgsl,512,128,0.4438369504350703,,0.004919657568674094,0.4379169986350462,0.4768509970745072,256,1.865314800397755e-07
NVIDIA GeForce RTX 3080,wgsl,512,256,0.8696701101143844,,0.9262254662611002,0.7424479990731925,9.879820005153306,32,2.558653307005443e-07
NVIDIA GeForce RTX 3080,wgsl,512,256,0.7477050092711579,,0.01360225667748114,0.7389520033029839,0.8209880033973604,64,2.558653307005443e-07
NVIDIA GeForce RTX 3080,wgsl,512,256,0.7499577100679744,,0.01614048762160443,0.7379099988611415,0.8262089977506548,128,2.558653307005443e-07
NVIDIA GeForce RTX 3080,wgsl,512,256,0.9118495894654188,,1.5615966129701984,0.732660002540797,16.424789995653555,256,2.558653307005443e-07
NVIDIA GeForce RTX 3080,wgsl,512,512,1.3519342891231645,,0.006883074269641829,1.3423149939626455,1.3723730080528185,32,3.5338226211933943e-07
NVIDIA GeForce RTX 3080,wgsl,512,512,1.3436891399032902,,0.008063521864543625,1.3340099976630881,1.3875119911972433,64,3.5338226211933943e-07
NVIDIA GeForce RTX 3080,wgsl,512,512,1.3487620091473218,,0.007254194096956698,1.3397000002441928,1.38278299709782,128,3.5338226211933943e-07
NVIDIA GeForce RTX 3080,wgsl,512,512,1.351846680190647,,0.1759840438358011,1.3215950020821765,3.1009460071800277,256,3.5338226211933943e-07
NVIDIA GeForce RTX 3080,wgsl,512,1024,3.88387626997428,,2.455948332717829,2.55617500806693,16.475266005727462,32,4.788503815689182e-07
NVIDIA GeForce RTX 3080,wgsl,512,1024,3.867907891108189,,2.390460539899612,2.538450004067272,18.46184099849779,64,4.788503815689182e-07
NVIDIA GeForce RTX 3080,wgsl,512,1024,3.7808092503109947,,2.2609003503150147,2.5455940049141645,16.9296439999016,128,4.788503815689182e-07
NVIDIA GeForce RTX 3080,wgsl,512,1024,3.5930567898321897,,1.5942355643280586,2.5127819972112775,13.238619998446666,256,4.788503815689182e-07
NVIDIA GeForce RTX 3080,wgsl,512,2048,8.57356326901936,,2.8398182513387304,7.308857006137259,25.822668001637794,32,6.747182510480343e-07
NVIDIA GeForce RTX 3080,wgsl,512,2048,8.352977950125933,,2.2846835847758484,7.310911008971743,19.619683997007087,64,6.747182510480343e-07
NVIDIA GeForce RTX 3080,wgsl,512,2048,8.017689958942356,,0.8453106746665006,7.521994994021952,13.73260399850551,128,6.747182510480343e-07
NVIDIA GeForce RTX 3080,wgsl,512,2048,7.960828479990596,,0.8034449532659634,7.4005630012834445,14.323273004265502,256,6.747182510480343e-07
NVIDIA GeForce RTX 3080,wgsl,1024,4,0.45898691038019024,,0.5824426697677422,0.1423920039087534,3.403904993319884,32,5.678475289982998e-08
NVIDIA GeForce RTX 3080,wgsl,1024,4,0.3924188502423931,,0.42384911359263266,0.1419710024492815,2.5749310007086024,64,5.678475289982998e-08
NVIDIA GeForce RTX 3080,wgsl,1024,4,0.39247633976629004,,0.4103339663586882,0.1424630027031526,2.9143709980417043,128,5.678475289982998e-08
NVIDIA GeForce RTX 3080,wgsl,1024,4,0.40792571016936563,,0.47252281311478367,0.14247299986891448,2.7631400007521734,256,5.678475289982998e-08
NVIDIA GeForce RTX 3080,wgsl,1024,8,0.18773049057926983,,0.17895757293922848,0.1557180075906217,1.9063130021095276,32,7.168105753407872e-08
NVIDIA GeForce RTX 3080,wgsl,1024,8,0.16739310100092553,,0.020730645800709185,0.15482500020880252,0.30814899946562946,64,7.168105753407872e-08
NVIDIA GeForce RTX 3080,wgsl,1024,8,0.170766259834636,,0.048633610478169144,0.15507701027672738,0.633079995168373,128,7.168105753407872e-08
NVIDIA GeForce RTX 3080,wgsl,1024,8,0.17135909118223935,,0.04705745974008036,0.15668899868614972,0.6128820095909759,256,7.168105753407872e-08
NVIDIA GeForce RTX 3080,wgsl,1024,16,0.193831589713227,,0.010403233991703972,0.18433200602885336,0.2552880032453686,32,8.338506773952759e-08
NVIDIA GeForce RTX 3080,wgsl,1024,16,0.19286283015389927,,0.008679922565457318,0.1834210124798119,0.21835700317751616,64,8.338506773952759e-08
NVIDIA GeForce RTX 3080,wgsl,1024,16,0.19587979040807113,,0.012862519765040978,0.18407200695946813,0.27472501096781343,128,8.338506773952759e-08
NVIDIA GeForce RTX 3080,wgsl,1024,16,0.1934472801804077,,0.008307237701849227,0.18364099378231913,0.2152719971491024,256,8.338506773952759e-08
NVIDIA GeForce RTX 3080,wgsl,1024,32,0.2530642194324173,,0.03456791652702269,0.24011899949982762,0.5785050016129389,32,1.0469207012420156e-07
NVIDIA GeForce RTX 3080,wgsl,1024,32,0.258186010614736,,0.06866838876564213,0.24020900309551507,0.8425800042459741,64,1.0469207012420156e-07
NVIDIA GeForce RTX 3080,wgsl,1024,32,0.2715175997582264,,0.2080652696885603,0.24136100546456873,2.3381570063065737,128,1.0469207012420156e-07
NVIDIA GeForce RTX 3080,wgsl,1024,32,0.3468023196910508,,0.9506376519758939,0.2414920018054545,9.804657005588524,256,1.0469207012420156e-07
NVIDIA GeForce RTX 3080,wgsl,1024,64,0.5368839896982536,,1.3298363176110806,0.37140998756513,13.651437999214977,32,1.3800385545437166e-07
NVIDIA GeForce RTX 3080,wgsl,1024,64,0.4137684106535744,,0.23823321925451196,0.37026799691375345,2.6734900020528585,64,1.3800385545437166e-07
NVIDIA GeForce RTX 3080,wgsl,1024,64,0.3881929590716027,,0.03310475558225118,0.37207099376246333,0.6878849962959066,128,1.3800385545437166e-07
NVIDIA GeForce RTX 3080,wgsl,1024,64,0.4292164699290879,,0.44964049421568275,0.37206099659670144,4.90144599461928,256,1.3800385545437166e-07
NVIDIA GeForce RTX 3080,wgsl,1024,128,0.6061262596631423,,0.013761674011314586,0.6005379982525483,0.7406160002574325,32,1.867162922053467e-07
NVIDIA GeForce RTX 3080,wgsl,1024,128,0.601011260150699,,0.001829995834802836,0.5972310027573258,0.6064189947210252,64,1.867162922053467e-07
NVIDIA GeForce RTX 3080,wgsl,1024,128,0.6028819894709159,,0.002596688684098743,0.5989039927953854,0.615074997767806,128,1.867162922053467e-07
NVIDIA GeForce RTX 3080,wgsl,1024,128,0.6035656094900332,,0.0026519224601043927,0.6001570000080392,0.6165179947856814,256,1.867162922053467e-07
NVIDIA GeForce RTX 3080,wgsl,1024,256,1.0615577988210134,,0.005369777388578684,1.0547850106377155,1.0850230028154328,32,2.468073034833651e-07
NVIDIA GeForce RTX 3080,wgsl,1024,256,1.0568581501138397,,0.005807021638213742,1.0494750022189692,1.0835510038305074,64,2.468073034833651e-07
NVIDIA GeForce RTX 3080,wgsl,1024,256,1.0605709702940658,,0.005916478614923173,1.054476000717841,1.080904999980703,128,2.468073034833651e-07
NVIDIA GeForce RTX 3080,wgsl,1024,256,1.05991728065419,,0.005601806597563453,1.0529619903536513,1.0827189980773255,256,2.468073034833651e-07
NVIDIA GeForce RTX 3080,wgsl,1024,512,3.1154362893721554,,2.226254961341696,1.9701760029420257,18.274051006301306,32,3.387647495856072e-07
NVIDIA GeForce RTX 3080,wgsl,1024,512,3.147991930018179,,2.0803636402256553,1.961668996955268,17.85058200766798,64,3.387647495856072e-07
NVIDIA GeForce RTX 3080,wgsl,1024,512,2.99553198958165,,1.709756031533571,1.9708159961737692,13.673890993231907,128,3.387647495856072e-07
NVIDIA GeForce RTX 3080,wgsl,1024,512,2.6616100102546625,,0.3695184317871276,1.9670289912028238,4.712905996711925,256,3.387647495856072e-07
NVIDIA GeForce RTX 3080,wgsl,1024,1024,6.003675049432786,,1.9870180311937022,5.394248990342021,21.841918991412967,32,4.685090004841186e-07
NVIDIA GeForce RTX 3080,wgsl,1024,1024,5.911206939344993,,1.412410072533015,5.372719009756111,16.605233002337627,64,4.685090004841186e-07
NVIDIA GeForce RTX 3080,wgsl,1024,1024,6.72778883978026,,2.991991631271118,5.392835009843111,18.533648006268777,128,4.685090004841186e-07
NVIDIA GeForce RTX 3080,wgsl,1024,1024,6.186608210991835,,2.829143845367033,5.396033011493273,24.246005006716587,256,4.685090004841186e-07
NVIDIA GeForce RTX 3080,wgsl,1024,2048,12.470895379665308,,0.9630942304142709,12.009580997982994,19.280605993117206,32,6.467553248512559e-07
NVIDIA GeForce RTX 3080,wgsl,1024,2048,12.457736259530066,,1.2252751821234114,11.960436997469515,24.051663000136614,64,6.467553248512559e-07
NVIDIA GeForce RTX 3080,wgsl,1024,2048,12.63897654003813,,1.7075915749492938,11.991635998128913,24.759667008765973,128,6.467553248512559e-07
NVIDIA GeForce RTX 3080,wgsl,1024,2048,12.639920839574188,,1.936086931691772,11.9716379995225,24.831854010699317,256,6.467553248512559e-07
NVIDIA GeForce RTX 3080,wgsl,2048,4,0.2739489091618452,,0.21507116176913846,0.16168899310287088,1.2959159939782694,32,5.73425893435342e-08
NVIDIA GeForce RTX 3080,wgsl,2048,4,0.3253985402989201,,0.41896882031118143,0.15926400374155492,2.456545000313781,64,5.73425893435342e-08
NVIDIA GeForce RTX 3080,wgsl,2048,4,0.3070327804016415,,0.39116051667965474,0.16080700152087957,2.8577710036188364,128,5.73425893435342e-08
NVIDIA GeForce RTX 3080,wgsl,2048,4,0.2809105302731041,,0.29286809452586016,0.1599950046511367,2.467655998771079,256,5.73425893435342e-08
NVIDIA GeForce RTX 3080,wgsl,2048,8,0.2002918702783063,,0.006662533029750611,0.185334007255733,0.2155819965992123,32,7.51160627032732e-08
NVIDIA GeForce RTX 3080,wgsl,2048,8,0.19955184106947854,,0.006886414239365184,0.18458299746271223,0.21842800197191536,64,7.51160627032732e-08
NVIDIA GeForce RTX 3080,wgsl,2048,8,0.20024325960548595,,0.006924794258460797,0.1846329978434369,0.21733599714934826,128,7.51160627032732e-08
NVIDIA GeForce RTX 3080,wgsl,2048,8,0.19987012972705998,,0.007123469769637855,0.18362099945079535,0.21290700533427298,256,7.51160627032732e-08
NVIDIA GeForce RTX 3080,wgsl,2048,16,0.26423074974445626,,0.17405187643050746,0.2327050024177879,1.9937000033678487,32,8.288787256560681e-08
NVIDIA GeForce RTX 3080,wgsl,2048,16,0.245714460616,,0.007682952681750495,0.23262400645762682,0.282389999483712,64,8.288787256560681e-08
NVIDIA GeForce RTX 3080,wgsl,2048,16,0.24570980021962896,,0.006736343846508187,0.2330450079170987,0.2624409971758723,128,8.288787256560681e-08
NVIDIA GeForce RTX 3080,wgsl,2048,16,0.24623655932373367,,0.007431941045011416,0.2322739892406389,0.27152898837812245,256,8.288787256560681e-08
NVIDIA GeForce RTX 3080,wgsl,2048,32,0.3557620801439043,,0.005171937607347168,0.33862701093312353,0.3685039991978556,32,1.0513394244071605e-07
NVIDIA GeForce RTX 3080,wgsl,2048,32,0.35382906018639915,,0.004891280267601915,0.337745004799217,0.3698359942063689,64,1.0513394244071605e-07
NVIDIA GeForce RTX 3080,wgsl,2048,32,0.3550242295023054,,0.005550681069531332,0.33643300412222743,0.3756079968297854,128,1.0513394244071605e-07
NVIDIA GeForce RTX 3080,wgsl,2048,32,0.35463332969811745,,0.005640324666131514,0.33758499193936586,0.3744059940800071,256,1.0513394244071605e-07
NVIDIA GeForce RTX 3080,wgsl,2048,64,0.5511634796857834,,0.17799081896769814,0.5269469984341413,2.3207849881146103,32,1.3443381874367333e-07
NVIDIA GeForce RTX 3080,wgsl,2048,64,0.5312088604841847,,0.00816824407945555,0.5251630063867196,0.5851480091223493,64,1.3443381874367333e-07
NVIDIA GeForce RTX 3080,wgsl,2048,64,0.531882729701465,,0.007671326220272341,0.5262149934424087,0.5843359977006912,128,1.3443381874367333e-07
NVIDIA GeForce RTX 3080,wgsl,2048,64,0.5321390206518117,,0.006984708269804343,0.525744995684363,0.5704610084649175,256,1.3443381874367333e-07
NVIDIA GeForce RTX 3080,wgsl,2048,128,1.0766897299617995,,0.37111362012924554,0.9071330132428557,3.673119004815817,32,1.824751905132871e-07
NVIDIA GeForce RTX 3080,wgsl,2048,128,1.0334361098648515,,0.29850206378655414,0.9045690094353631,2.9309499950613827,64,1.824751905132871e-07
NVIDIA GeForce RTX 3080,wgsl,2048,128,1.0064914805116132,,0.22547272238249913,0.9074440022232011,1.6355249972548336,128,1.824751905132871e-07
NVIDIA GeForce RTX 3080,wgsl,2048,128,1.0856848992989399,,0.3553597133952851,0.9070729865925387,3.062250994844362,256,1.824751905132871e-07
NVIDIA GeForce RTX 3080,wgsl,2048,256,3.306329530023504,,2.5415550926786414,1.6829870000947267,14.241487006074749,32,2.402692871328327e-07
NVIDIA GeForce RTX 3080,wgsl,2048,256,3.3079103294585366,,2.599655486981567,1.6769950016168877,14.323012001113966,64,2.402692871328327e-07
NVIDIA GeForce RTX 3080,wgsl,2048,256,3.0163531510333996,,2.0260808199458378,1.6834770067362115,14.393143996130675,128,2.402692871328327e-07
NVIDIA GeForce RTX 3080,wgsl,2048,256,3.016439130733488,,2.304497268835193,1.6788179927971214,18.370807010796852,256,2.402692871328327e-07
NVIDIA GeForce RTX 3080,wgsl,2048,512,5.573612669832073,,2.8832192627454356,4.289115997380577,18.717048995313235,32,3.3764030149541213e-07
NVIDIA GeForce RTX 3080,wgsl,2048,512,4.973672720370814,,1.7798010751388185,4.262314992956817,15.760198002681136,64,3.3764030149541213e-07
NVIDIA GeForce RTX 3080,wgsl,2048,512,5.284926630702103,,2.521053322663152,4.290227996534668,20.617019006749615,128,3.3764030149541213e-07
NVIDIA GeForce RTX 3080,wgsl,2048,512,5.036178570298944,,1.9883375572455835,4.26966899249237,18.79994699265808,256,3.3764030149541213e-07
NVIDIA GeForce RTX 3080,wgsl,2048,1024,9.48710199969355,,1.6360387962733351,8.90566999441944,20.71707000141032,32,4.6017902377570863e-07
NVIDIA GeForce RTX 3080,wgsl,2048,1024,9.316613410774153,,1.1889167144423267,8.867005002684891,20.755495002958924,64,4.6017902377570863e-07
NVIDIA GeForce RTX 3080,wgsl,2048,1024,9.304548019863432,,1.0998493041986463,8.861683993018232,16.826345003210008,128,4.6017902377570863e-07
NVIDIA GeForce RTX 3080,wgsl,2048,1024,9.303794828738319,,0.9119785404224041,8.854350991896354,17.64280500356108,256,4.6017902377570863e-07
NVIDIA GeForce RTX 3080,wgsl,2048,2048,17.282563809712883,,0.20057202349271633,17.045023996615782,19.053000010899268,32,6.445961275858281e-07
NVIDIA GeForce RTX 3080,wgsl,2048,2048,17.45157329060021,,1.351312083964912,17.024093001964502,30.680680996738374,64,6.445961275858281e-07
NVIDIA GeForce RTX 3080,wgsl,2048,2048,17.44321417878382,,1.1904556560120632,17.069177993107587,28.98670401191339,128,6.445961275858281e-07
NVIDIA GeForce RTX 3080,wgsl,2048,2048,17.433226970024407,,0.7493819744520879,17.041857005096972,23.7043579982128,256,6.445961275858281e-07
